{
    "uvs":[],
    "materials":[{
        "shading":"phong",
        "depthWrite":true,
        "colorEmissive":[0,0,0],
        "blending":"NormalBlending",
        "DbgName":"Material.005",
        "colorSpecular":[0.147695,0.010502,0.184492],
        "colorDiffuse":[1,1,1],
        "wireframe":false,
        "opacity":1,
        "depthTest":true,
        "specularCoef":50,
        "transparent":false,
        "DbgIndex":0,
        "DbgColor":15658734,
        "visible":true
    }],
    "metadata":{
        "materials":1,
        "faces":60,
        "generator":"io_three",
        "uvs":0,
        "version":3,
        "vertices":36,
        "normals":60,
        "type":"Geometry"
    },
    "normals":[0.187596,0.577354,0.794651,0.607065,-0,0.794652,-0.491122,0.356829,0.794652,-0.491122,-0.356829,0.794652,0.187597,-0.577354,0.794651,0.982246,-0,0.187597,0.303535,0.934172,0.187589,-0.794649,0.577359,0.187587,-0.794649,-0.577359,0.187587,0.303536,-0.934171,0.187589,0.794649,0.577359,-0.187587,-0.303536,0.934172,-0.187589,-0.982246,0,-0.187597,-0.303535,-0.934172,-0.187589,0.794649,-0.577359,-0.187587,0.491122,0.356829,-0.794652,-0.187597,0.577354,-0.794651,-0.607065,0,-0.794652,-0.187596,-0.577354,-0.794651,0.491122,-0.356829,-0.794652,-0.4906,0.813548,0.312173,-0.80389,0.219247,0.552894,-0.476829,0.782373,-0.400658,-0.781613,0.168792,-0.600492,-0.983743,-0.179233,-0.01116,-0.323211,-0.144063,0.935297,0.183705,0.817527,0.545804,0.20599,0.767086,-0.607575,-0.287159,-0.225705,-0.930912,-0.614214,-0.788815,0.022643,0.287159,0.225705,0.930912,0.614214,0.788815,-0.022643,0.323212,0.144063,-0.935297,-0.183705,-0.817527,-0.545804,-0.20599,-0.767086,0.607575,0.781613,-0.168792,0.600492,0.983743,0.179233,0.01116,0.80389,-0.219247,-0.552894,0.490599,-0.813548,-0.312173,0.476829,-0.782373,0.400658,0.526371,0.622341,0.579331,0.956626,0.165171,0.239969,0.06372,0.242649,0.968019,0.208045,-0.449195,0.868874,0.75989,-0.497071,0.418913,0.852822,0.244064,-0.461657,0.156655,0.983775,0.087436,-0.591929,0.369426,0.716341,-0.358408,-0.749997,0.555921,0.534494,-0.827459,-0.172125,0.358408,0.749997,-0.555921,-0.534494,0.827459,0.172125,-0.852822,-0.244064,0.461657,-0.156655,-0.983775,-0.087436,0.591929,-0.369426,-0.716341,-0.208045,0.449195,-0.868873,-0.75989,0.497071,-0.418913,-0.956626,-0.165171,-0.239969,-0.526371,-0.622341,-0.579331,-0.063721,-0.242649,-0.968019],
    "name":"Icosphere.001Geometry",
    "vertices":[-1.80339,9.7835,3.21163,-3.54826,8.45052,1.94392,-1.13692,8.45052,1.16042,0.353402,8.45052,3.21163,-1.13692,8.45052,5.26284,-3.54826,8.45052,4.47933,-2.46986,6.29372,1.16042,-0.058521,6.29372,1.94392,-0.058521,6.29372,4.47934,-2.46986,6.29372,5.26284,-3.96019,6.29372,3.21163,-1.80339,4.96075,3.21163,-1.46793,5.94969,4.09497,0.367323,3.32002,4.19264,1.27603,5.96938,5.75723,0.467493,8.50517,3.96586,-0.940922,7.42294,1.29414,-1.00282,4.21837,1.43432,3.43702,4.25027,4.12391,3.49891,7.45484,3.98373,2.12877,8.35319,1.22542,1.22007,5.70383,-0.339174,2.0286,3.16804,1.45219,3.96402,5.72352,1.32309,-0.310422,2.07505,2.42132,-0.052222,4.52168,4.48048,-2.53308,2.49886,4.69574,-3.41755,1.69437,1.71859,-1.48328,3.22003,-0.336624,0.596581,4.96738,1.37033,-2.99979,5.65311,5.05041,-5.07965,3.90576,3.34345,-4.43085,4.35146,0.233303,-1.94999,6.37428,0.01804,-1.06552,7.17877,2.99519,-4.17265,6.7981,2.29247],
    "faces":[34,0,1,2,0,0,0,0,34,1,0,5,0,1,1,1,34,0,2,3,0,2,2,2,34,0,3,4,0,3,3,3,34,0,4,5,0,4,4,4,34,1,5,10,0,5,5,5,34,2,1,6,0,6,6,6,34,3,2,7,0,7,7,7,34,4,3,8,0,8,8,8,34,5,4,9,0,9,9,9,34,1,10,6,0,10,10,10,34,2,6,7,0,11,11,11,34,3,7,8,0,12,12,12,34,4,8,9,0,13,13,13,34,5,9,10,0,14,14,14,34,6,10,11,0,15,15,15,34,7,6,11,0,16,16,16,34,8,7,11,0,17,17,17,34,9,8,11,0,18,18,18,34,10,9,11,0,19,19,19,34,12,13,14,0,20,20,20,34,13,12,17,0,21,21,21,34,12,14,15,0,22,22,22,34,12,15,16,0,23,23,23,34,12,16,17,0,24,24,24,34,13,17,22,0,25,25,25,34,14,13,18,0,26,26,26,34,15,14,19,0,27,27,27,34,16,15,20,0,28,28,28,34,17,16,21,0,29,29,29,34,13,22,18,0,30,30,30,34,14,18,19,0,31,31,31,34,15,19,20,0,32,32,32,34,16,20,21,0,33,33,33,34,17,21,22,0,34,34,34,34,18,22,23,0,35,35,35,34,19,18,23,0,36,36,36,34,20,19,23,0,37,37,37,34,21,20,23,0,38,38,38,34,22,21,23,0,39,39,39,34,24,25,26,0,40,40,40,34,25,24,29,0,41,41,41,34,24,26,27,0,42,42,42,34,24,27,28,0,43,43,43,34,24,28,29,0,44,44,44,34,25,29,34,0,45,45,45,34,26,25,30,0,46,46,46,34,27,26,31,0,47,47,47,34,28,27,32,0,48,48,48,34,29,28,33,0,49,49,49,34,25,34,30,0,50,50,50,34,26,30,31,0,51,51,51,34,27,31,32,0,52,52,52,34,28,32,33,0,53,53,53,34,29,33,34,0,54,54,54,34,30,34,35,0,55,55,55,34,31,30,35,0,56,56,56,34,32,31,35,0,57,57,57,34,33,32,35,0,58,58,58,34,34,33,35,0,59,59,59]
}