{
    "name":"IcosphereGeometry",
    "materials":[{
        "blending":"NormalBlending",
        "visible":true,
        "specularCoef":50,
        "transparent":false,
        "depthWrite":true,
        "DbgColor":15658734,
        "wireframe":false,
        "opacity":1,
        "colorSpecular":[254,1,1],
        "colorDiffuse":[32.3681,2.07126,0.948652],
        "DbgIndex":0,
        "DbgName":"Earth",
        "depthTest":true,
        "colorEmissive":[0,0,0],
        "shading":"phong"
    }],
    "uvs":[],
    "metadata":{
        "version":3,
        "vertices":42,
        "faces":80,
        "type":"Geometry",
        "generator":"io_three",
        "uvs":0,
        "normals":80,
        "materials":1
    },
    "influencesPerVertex":2,
    "normals":[0.102381,0.31509,0.943523,0.700224,0.268032,0.661699,-0.268034,0.194737,0.943523,-0.268034,-0.194737,0.943523,0.102381,-0.31509,0.943524,0.904989,0.268032,0.330385,0.024747,0.943521,0.330386,-0.889697,0.315095,0.330385,-0.574602,-0.748784,0.330388,0.534576,-0.777865,0.330387,0.802609,0.583126,0.125627,-0.306569,0.943521,0.125629,-0.992077,0,0.125628,-0.306569,-0.943521,0.125629,0.802609,-0.583126,0.125627,0.408946,0.628425,-0.661699,-0.4713,0.583122,-0.661699,-0.700224,-0.268032,-0.661699,0.03853,-0.748779,-0.661699,0.724042,-0.194736,-0.661695,0.268034,-0.194737,-0.943523,0.491119,-0.356821,-0.794658,0.408946,-0.628425,-0.661699,-0.102381,-0.31509,-0.943523,-0.187594,-0.577345,-0.794658,-0.4713,-0.583122,-0.661699,-0.331305,0,-0.943524,-0.60706,0,-0.794656,-0.700224,0.268032,-0.661699,-0.102381,0.31509,-0.943523,-0.187594,0.577345,-0.794658,0.03853,0.748779,-0.661699,0.268034,0.194737,-0.943523,0.491119,0.356821,-0.794658,0.724042,0.194736,-0.661695,0.889697,-0.315095,-0.330385,0.794656,-0.577348,-0.187595,0.574602,-0.748784,-0.330388,-0.024747,-0.943521,-0.330386,-0.303531,-0.934171,-0.187597,-0.534576,-0.777865,-0.330387,-0.904989,-0.268031,-0.330385,-0.982246,-0,-0.187599,-0.904989,0.268032,-0.330385,-0.534576,0.777865,-0.330387,-0.303531,0.934171,-0.187597,-0.024747,0.943521,-0.330386,0.574602,0.748784,-0.330388,0.794656,0.577348,-0.187595,0.889697,0.315095,-0.330385,0.306569,-0.943522,-0.125629,0.303531,-0.934171,0.187597,0.024747,-0.943521,0.330386,-0.802609,-0.583126,-0.125627,-0.794656,-0.577348,0.187595,-0.889697,-0.315095,0.330385,-0.802609,0.583126,-0.125627,-0.794656,0.577348,0.187595,-0.574602,0.748784,0.330388,0.306569,0.943521,-0.125629,0.303531,0.934171,0.187597,0.534576,0.777865,0.330387,0.992077,-0,-0.125628,0.982246,0,0.187599,0.904989,-0.268031,0.330385,0.4713,-0.583122,0.661699,0.187594,-0.577345,0.794658,-0.03853,-0.748779,0.661699,-0.408946,-0.628425,0.661699,-0.491119,-0.356821,0.794657,-0.724042,-0.194736,0.661695,-0.724042,0.194736,0.661695,-0.491119,0.356821,0.794657,-0.408946,0.628425,0.661698,0.700224,-0.268032,0.661699,0.607061,0,0.794656,0.331305,0,0.943524,-0.03853,0.748779,0.661699,0.187594,0.577346,0.794658,0.4713,0.583122,0.661698],
    "vertices":[30.6984,-693.262,-2.8757,532.0260000000001,-310.286,361.355,-160.788,-310.286,586.468,-588.975,-310.283,-2.8757,-160.788,-310.286,-592.22,532.0260000000001,-310.286,-367.10699999999997,222.185,309.396,586.468,-470.629,309.396,361.355,-470.629,309.396,-367.10699999999997,222.185,309.396,-592.22,650.3720000000001,309.393,-2.8758,30.6984,692.371,-2.8758,-81.8534,-589.792,343.529,325.369,-589.792,211.212,212.81799999999998,-364.685,557.621,620.0409999999999,-364.684,-2.8757,325.369,-589.792,-216.96399999999997,-333.536,-589.791,-2.8757,-446.091,-364.684,343.53,-81.8534,-589.792,-349.281,-446.091,-364.684,-349.282,212.81799999999998,-364.685,-563.3720000000001,689.607,-0.4451,211.213,689.607,-0.4451,-216.96499999999997,30.6984,-0.4451,689.9409999999999,437.92600000000004,-0.4451,557.624,-628.21,-0.4451,211.213,-376.529,-0.4451,557.624,-376.529,-0.4451,-563.376,-628.21,-0.4451,-216.96499999999997,437.92600000000004,-0.4451,-563.376,30.6984,-0.4451,-695.692,507.48699999999997,363.794,343.53,-151.421,363.795,557.621,-558.644,363.793,-2.8758,-151.421,363.795,-563.3720000000001,507.48699999999997,363.794,-349.282,143.25,588.902,343.529,394.933,588.9,-2.8758,-263.972,588.902,211.212,-263.972,588.902,-216.96399999999997,143.25,588.902,-349.281],    "faces":[34,0,13,12,0,0,0,0,34,1,13,15,0,1,1,1,34,0,12,17,0,2,2,2,34,0,17,19,0,3,3,3,34,0,19,16,0,4,4,4,34,1,15,22,0,5,5,5,34,2,14,24,0,6,6,6,34,3,18,26,0,7,7,7,34,4,20,28,0,8,8,8,34,5,21,30,0,9,9,9,34,1,22,25,0,10,10,10,34,2,24,27,0,11,11,11,34,3,26,29,0,12,12,12,34,4,28,31,0,13,13,13,34,5,30,23,0,14,14,14,34,6,32,37,0,15,15,15,34,7,33,39,0,16,16,16,34,8,34,40,0,17,17,17,34,9,35,41,0,18,18,18,34,10,36,38,0,19,19,19,34,38,41,11,0,20,20,20,34,38,36,41,0,21,21,21,34,36,9,41,0,22,22,22,34,41,40,11,0,23,23,23,34,41,35,40,0,24,24,24,34,35,8,40,0,25,25,25,34,40,39,11,0,26,26,26,34,40,34,39,0,27,27,27,34,34,7,39,0,28,28,28,34,39,37,11,0,29,29,29,34,39,33,37,0,30,30,30,34,33,6,37,0,31,31,31,34,37,38,11,0,32,32,32,34,37,32,38,0,33,33,33,34,32,10,38,0,34,34,34,34,23,36,10,0,35,35,35,34,23,30,36,0,36,36,36,34,30,9,36,0,37,37,37,34,31,35,9,0,38,38,38,34,31,28,35,0,39,39,39,34,28,8,35,0,40,40,40,34,29,34,8,0,41,41,41,34,29,26,34,0,42,42,42,34,26,7,34,0,43,43,43,34,27,33,7,0,44,44,44,34,27,24,33,0,45,45,45,34,24,6,33,0,46,46,46,34,25,32,6,0,47,47,47,34,25,22,32,0,48,48,48,34,22,10,32,0,49,49,49,34,30,31,9,0,50,50,50,34,30,21,31,0,51,51,51,34,21,4,31,0,52,52,52,34,28,29,8,0,53,53,53,34,28,20,29,0,54,54,54,34,20,3,29,0,55,55,55,34,26,27,7,0,56,56,56,34,26,18,27,0,57,57,57,34,18,2,27,0,58,58,58,34,24,25,6,0,59,59,59,34,24,14,25,0,60,60,60,34,14,1,25,0,61,61,61,34,22,23,10,0,62,62,62,34,22,15,23,0,63,63,63,34,15,5,23,0,64,64,64,34,16,21,5,0,65,65,65,34,16,19,21,0,66,66,66,34,19,4,21,0,67,67,67,34,19,20,4,0,68,68,68,34,19,17,20,0,69,69,69,34,17,3,20,0,70,70,70,34,17,18,3,0,71,71,71,34,17,12,18,0,72,72,72,34,12,2,18,0,73,73,73,34,15,16,5,0,74,74,74,34,15,13,16,0,75,75,75,34,13,0,16,0,76,76,76,34,12,14,2,0,77,77,77,34,12,13,14,0,78,78,78,34,13,1,14,0,79,79,79],
    "skinIndices":[],
    "skinWeights":[]
}