{
    "faces":[34,0,13,12,0,0,0,0,34,1,13,15,0,1,1,1,34,0,12,17,0,2,2,2,34,0,17,19,0,3,3,3,34,0,19,16,0,4,4,4,34,1,15,22,0,5,5,5,34,2,14,24,0,6,6,6,34,3,18,26,0,7,7,7,34,4,20,28,0,8,8,8,34,5,21,30,0,9,9,9,34,1,22,25,0,10,10,10,34,2,24,27,0,11,11,11,34,3,26,29,0,12,12,12,34,4,28,31,0,13,13,13,34,5,30,23,0,14,14,14,34,6,32,37,0,15,15,15,34,7,33,39,0,16,16,16,34,8,34,40,0,17,17,17,34,9,35,41,0,18,18,18,34,10,36,38,0,19,19,19,34,38,41,11,0,20,20,20,34,38,36,41,0,21,21,21,34,36,9,41,0,22,22,22,34,41,40,11,0,23,23,23,34,41,35,40,0,24,24,24,34,35,8,40,0,25,25,25,34,40,39,11,0,26,26,26,34,40,34,39,0,27,27,27,34,34,7,39,0,28,28,28,34,39,37,11,0,29,29,29,34,39,33,37,0,30,30,30,34,33,6,37,0,31,31,31,34,37,38,11,0,32,32,32,34,37,32,38,0,33,33,33,34,32,10,38,0,34,34,34,34,23,36,10,0,35,35,35,34,23,30,36,0,36,36,36,34,30,9,36,0,37,37,37,34,31,35,9,0,38,38,38,34,31,28,35,0,39,39,39,34,28,8,35,0,40,40,40,34,29,34,8,0,41,41,41,34,29,26,34,0,42,42,42,34,26,7,34,0,43,43,43,34,27,33,7,0,44,44,44,34,27,24,33,0,45,45,45,34,24,6,33,0,46,46,46,34,25,32,6,0,47,47,47,34,25,22,32,0,48,48,48,34,22,10,32,0,49,49,49,34,30,31,9,0,50,50,50,34,30,21,31,0,51,51,51,34,21,4,31,0,52,52,52,34,28,29,8,0,53,53,53,34,28,20,29,0,54,54,54,34,20,3,29,0,55,55,55,34,26,27,7,0,56,56,56,34,26,18,27,0,57,57,57,34,18,2,27,0,58,58,58,34,24,25,6,0,59,59,59,34,24,14,25,0,60,60,60,34,14,1,25,0,61,61,61,34,22,23,10,0,62,62,62,34,22,15,23,0,63,63,63,34,15,5,23,0,64,64,64,34,16,21,5,0,65,65,65,34,16,19,21,0,66,66,66,34,19,4,21,0,67,67,67,34,19,20,4,0,68,68,68,34,19,17,20,0,69,69,69,34,17,3,20,0,70,70,70,34,17,18,3,0,71,71,71,34,17,12,18,0,72,72,72,34,12,2,18,0,73,73,73,34,15,16,5,0,74,74,74,34,15,13,16,0,75,75,75,34,13,0,16,0,76,76,76,34,12,14,2,0,77,77,77,34,12,13,14,0,78,78,78,34,13,1,14,0,79,79,79],
    "vertices":[0.306984,-6.93262,-0.028757,5.32026,-3.10286,3.61355,-1.60788,-3.10286,5.86468,-5.88975,-3.10283,-0.028757,-1.60788,-3.10286,-5.9222,5.32026,-3.10286,-3.67107,2.22185,3.09396,5.86468,-4.70629,3.09396,3.61355,-4.70629,3.09396,-3.67107,2.22185,3.09396,-5.9222,6.50372,3.09393,-0.028758,0.306984,6.92371,-0.028758,-0.818534,-5.89792,3.43529,3.25369,-5.89792,2.11212,2.12818,-3.64685,5.57621,6.20041,-3.64684,-0.028757,3.25369,-5.89792,-2.16964,-3.33536,-5.89791,-0.028757,-4.46091,-3.64684,3.4353,-0.818534,-5.89792,-3.49281,-4.46091,-3.64684,-3.49282,2.12818,-3.64685,-5.63372,6.89607,-0.004451,2.11213,6.89607,-0.004451,-2.16965,0.306984,-0.004451,6.89941,4.37926,-0.004451,5.57624,-6.2821,-0.004451,2.11213,-3.76529,-0.004451,5.57624,-3.76529,-0.004451,-5.63376,-6.2821,-0.004451,-2.16965,4.37926,-0.004451,-5.63376,0.306984,-0.004451,-6.95692,5.07487,3.63794,3.4353,-1.51421,3.63795,5.57621,-5.58644,3.63793,-0.028758,-1.51421,3.63795,-5.63372,5.07487,3.63794,-3.49282,1.4325,5.88902,3.43529,3.94933,5.889,-0.028758,-2.63972,5.88902,2.11212,-2.63972,5.88902,-2.16964,1.4325,5.88902,-3.49281],
    "normals":[0.102381,0.31509,0.943523,0.700224,0.268032,0.661699,-0.268034,0.194737,0.943523,-0.268034,-0.194737,0.943523,0.102381,-0.31509,0.943524,0.904989,0.268032,0.330385,0.024747,0.943521,0.330386,-0.889697,0.315095,0.330385,-0.574602,-0.748784,0.330388,0.534576,-0.777865,0.330387,0.802609,0.583126,0.125627,-0.306569,0.943521,0.125629,-0.992077,0,0.125628,-0.306569,-0.943521,0.125629,0.802609,-0.583126,0.125627,0.408946,0.628425,-0.661699,-0.4713,0.583122,-0.661699,-0.700224,-0.268032,-0.661699,0.03853,-0.748779,-0.661699,0.724042,-0.194736,-0.661695,0.268034,-0.194737,-0.943523,0.491119,-0.356821,-0.794658,0.408946,-0.628425,-0.661699,-0.102381,-0.31509,-0.943523,-0.187594,-0.577345,-0.794658,-0.4713,-0.583122,-0.661699,-0.331305,0,-0.943524,-0.60706,0,-0.794656,-0.700224,0.268032,-0.661699,-0.102381,0.31509,-0.943523,-0.187594,0.577345,-0.794658,0.03853,0.748779,-0.661699,0.268034,0.194737,-0.943523,0.491119,0.356821,-0.794658,0.724042,0.194736,-0.661695,0.889697,-0.315095,-0.330385,0.794656,-0.577348,-0.187595,0.574602,-0.748784,-0.330388,-0.024747,-0.943521,-0.330386,-0.303531,-0.934171,-0.187597,-0.534576,-0.777865,-0.330387,-0.904989,-0.268031,-0.330385,-0.982246,-0,-0.187599,-0.904989,0.268032,-0.330385,-0.534576,0.777865,-0.330387,-0.303531,0.934171,-0.187597,-0.024747,0.943521,-0.330386,0.574602,0.748784,-0.330388,0.794656,0.577348,-0.187595,0.889697,0.315095,-0.330385,0.306569,-0.943522,-0.125629,0.303531,-0.934171,0.187597,0.024747,-0.943521,0.330386,-0.802609,-0.583126,-0.125627,-0.794656,-0.577348,0.187595,-0.889697,-0.315095,0.330385,-0.802609,0.583126,-0.125627,-0.794656,0.577348,0.187595,-0.574602,0.748784,0.330388,0.306569,0.943521,-0.125629,0.303531,0.934171,0.187597,0.534576,0.777865,0.330387,0.992077,-0,-0.125628,0.982246,0,0.187599,0.904989,-0.268031,0.330385,0.4713,-0.583122,0.661699,0.187594,-0.577345,0.794658,-0.03853,-0.748779,0.661699,-0.408946,-0.628425,0.661699,-0.491119,-0.356821,0.794657,-0.724042,-0.194736,0.661695,-0.724042,0.194736,0.661695,-0.491119,0.356821,0.794657,-0.408946,0.628425,0.661698,0.700224,-0.268032,0.661699,0.607061,0,0.794656,0.331305,0,0.943524,-0.03853,0.748779,0.661699,0.187594,0.577346,0.794658,0.4713,0.583122,0.661698],
    "materials":[{
        "colorEmissive":[0,0,0],
        "DbgColor":15658734,
        "colorSpecular":[1,0.009291,0],
        "DbgName":"Material.005",
        "transparent":false,
        "colorDiffuse":[1,0.786501,0.457104],
        "wireframe":false,
        "specularCoef":50,
        "visible":true,
        "opacity":1,
        "depthTest":true,
        "depthWrite":true,
        "blending":"NormalBlending",
        "shading":"phong",
        "DbgIndex":0
    }],
    "name":"IcosphereGeometry.4",
    "uvs":[],
    "metadata":{
        "vertices":42,
        "uvs":0,
        "type":"Geometry",
        "faces":80,
        "generator":"io_three",
        "materials":1,
        "normals":80,
        "version":3
    }
}