{
    "uvs":[],
    "materials":[{
        "shading":"phong",
        "depthWrite":true,
        "colorEmissive":[0,0,0],
        "blending":"NormalBlending",
        "DbgName":"Material.001",
        "colorSpecular":[0.110841,0.126674,0.143454],
        "colorDiffuse":[0.7,0.172341,0.172341],
        "wireframe":false,
        "opacity":1,
        "depthTest":true,
        "specularCoef":50,
        "transparent":false,
        "DbgIndex":0,
        "DbgColor":15658734,
        "visible":true
    },{
        "shading":"phong",
        "depthWrite":true,
        "colorEmissive":[0,0,0],
        "blending":"NormalBlending",
        "DbgName":"Material.004",
        "colorSpecular":[0.5,0.5,0.5],
        "colorDiffuse":[0.64,0.175543,0.158692],
        "wireframe":false,
        "opacity":1,
        "depthTest":true,
        "specularCoef":50,
        "transparent":false,
        "DbgIndex":1,
        "DbgColor":15597568,
        "visible":true
    },{
        "shading":"phong",
        "depthWrite":true,
        "colorEmissive":[0,0,0],
        "blending":"NormalBlending",
        "DbgName":"Material.003",
        "colorSpecular":[1,1,1],
        "colorDiffuse":[0.854993,0.767161,0.649337],
        "wireframe":false,
        "opacity":1,
        "depthTest":true,
        "specularCoef":50,
        "transparent":false,
        "DbgIndex":2,
        "DbgColor":60928,
        "visible":true
    }],
    "metadata":{
        "materials":3,
        "faces":169,
        "generator":"io_three",
        "uvs":0,
        "version":3,
        "vertices":192,
        "normals":168,
        "type":"Geometry"
    },
    "normals":[-0.002641,-0.043639,-0.999044,-0.002928,-0.017477,-0.999843,-0.002937,-0.017453,-0.999843,-0.002932,-0.017466,-0.999843,-0.002937,-0.017453,-0.999843,-0.974171,0.225807,-0.00108,-0.011226,0.999785,-0.017419,0.999933,0.011172,-0.00313,0.071453,0.002659,0.99744,0.071453,0.002658,0.99744,0.071452,0.002658,0.997441,-0.072462,-0.027863,-0.996982,-0.970202,-0.193986,0.145178,-0.961617,-0.19157,0.196453,0.341614,0.057936,0.938053,-0.969409,-0.197286,0.146029,-0.969402,-0.197314,0.146034,-0.037436,-0.997862,0.053564,0.980924,-0.044236,-0.189293,0.985362,-0.043629,-0.164798,0.985385,-0.039544,-0.16569,0.985385,-0.039531,-0.165689,0.768883,-0.024133,-0.638934,-0.970833,0.074371,0.227931,-0.311178,-0.947594,0.072347,-0.228512,0.000713,-0.973541,-0.170585,0.9845,0.040761,-0.019515,0.017762,0.999652,-0.462248,0.019143,-0.886544,0.072566,0.99723,-0.016303,-0.072566,-0.99723,0.016303,0.072566,0.99723,-0.016303,0.228512,-0.000713,0.973541,0.802374,-0.068079,-0.592926,0.802373,-0.068081,-0.592927,0.802374,-0.06808,-0.592926,0.305401,-0.006657,0.952201,0.305401,-0.006657,0.9522,0.505019,-0.022576,0.862813,0.305401,-0.006657,0.952201,0.120373,-0.024983,-0.992414,0.120373,-0.024984,-0.992414,0.120375,-0.024983,-0.992414,-0.072566,-0.99723,0.016303,-0.072566,-0.99723,0.016303,-0.072566,-0.99723,0.016303,0.802374,-0.068078,-0.592926,0.802373,-0.068079,-0.592927,0.802374,-0.06808,-0.592925,0.592021,-0.034972,0.805164,0.802374,-0.068079,-0.592926,-0.075419,-0.997075,0.012422,0.07542,0.997075,-0.012423,-0.592393,0.029945,-0.805092,-0.075719,-0.997057,0.012016,-0.592026,0.034972,-0.805159,0.592399,-0.029945,0.805088,0.075718,0.997057,-0.012015,-0.995963,-0.06895,-0.057476,-0.087884,0.618532,0.780829,-0.995963,-0.068951,-0.057476,0.995963,0.068951,0.057476,-0.004402,0.677057,-0.735918,0.033344,-0.878667,0.476269,-0.997799,0.056341,-0.034973,0.053762,0.378538,-0.924023,-0.997799,0.05634,-0.034974,0.997799,-0.05634,0.034974,-0.046707,-0.971484,-0.232459,0.028843,0.843624,0.53616,-0.997381,0.071938,-0.007515,-0.072164,-0.99673,0.036359,-0.997381,0.071938,-0.007515,0.997381,-0.071938,0.007515,0.006403,0.191308,0.981509,0.017395,0.137717,-0.990319,0.072462,0.027863,0.996982,0.039105,0.998762,-0.030755,0.994222,-0.040756,-0.099308,0.071453,0.002658,0.99744,0.071452,0.002657,0.997441,0.071453,0.002658,0.99744,0.071448,0.00265,0.997441,-0.975367,-0.196802,0.09964,0.072462,0.027863,0.996982,-0.072462,-0.027863,-0.996982,-0.072462,-0.027863,-0.996982,-0.072462,-0.027863,-0.996982,-0.072462,-0.027863,-0.996982,0.002633,0.044338,0.999013,0.002672,0.04096,0.999157,0.003591,0.043853,0.999032,0.003591,0.043853,0.999031,0.011226,-0.999785,0.017419,0.999933,0.011173,-0.003131,0.999933,0.011173,-0.003131,0.999934,0.011429,0.001093,-0.002641,-0.04364,-0.999044,-0.974171,0.225807,-0.001081,-0.974166,0.225831,-0.001083,-0.974171,0.225807,-0.001079,-0.002937,-0.017453,-0.999843,0.066216,-0.013342,0.997716,0.065985,-0.01333,0.997732,-0.066216,0.013342,-0.997716,-0.065985,0.01333,-0.997732,0.0622,-0.085403,0.994403,0.061963,-0.085392,0.994419,-0.060794,-0.989873,-0.128282,0.992685,-0.047867,-0.110841,0.053228,0.998534,0.009821,0.053333,0.998529,0.009814,-0.740118,-0.669956,0.058176,0.04502,-0.131591,-0.990281,0.044795,-0.131571,-0.990294,-0.045363,0.128084,0.990725,-0.045139,0.128064,0.990738,0.049812,-0.082006,-0.995386,0.049582,-0.081985,-0.995399,0.09741,0.985064,-0.141987,0.993214,-0.086652,0.07757,-0.094474,-0.992542,0.077044,-0.094369,-0.992551,0.077049,-0.635947,0.761662,-0.124269,0.094691,0.995502,0.00324,0.094462,0.995523,0.003261,-0.094691,-0.995502,-0.00324,-0.094462,-0.995523,-0.003261,0.094691,0.995501,0.00324,0.094462,0.995523,0.003261,0.088469,-0.011658,0.996011,0.991569,-0.093918,-0.08928,-0.088573,0.011668,-0.996001,-0.08847,0.011659,-0.996011,-0.638515,0.058151,0.767409,-0.247703,-0.896413,-0.367541,-0.224649,-0.365758,-0.903191,-0.168701,0.386509,-0.906725,-0.112631,0.919719,-0.376074,-0.089285,0.921525,0.377915,-0.112339,0.390869,0.913565,-0.996766,0.074274,0.030683,-0.996766,0.074264,0.030701,-0.996765,0.074285,0.030694,-0.996765,0.074285,0.030679,-0.996765,0.074278,0.030687,-0.168288,-0.361397,0.917099,-0.224357,-0.894607,0.386448,0.996765,-0.074277,-0.030685,0.996765,-0.074277,-0.030684,0.996765,-0.074277,-0.030685,0.996765,-0.074277,-0.030685,0.996765,-0.074277,-0.030685,0.996765,-0.074277,-0.030685,0.43063,-0.83199,0.349787,0.439106,-0.350574,0.827214,0.461868,0.327102,0.824428,0.485582,0.804064,0.343061,0.496357,0.800915,-0.33491,0.487881,0.319499,-0.812338,0.465119,-0.358177,-0.809551,0.441405,-0.835139,-0.328184,-0.99931,0.033499,-0.016038,-0.99931,0.033499,-0.016038,-0.99931,0.033499,-0.016038,-0.99931,0.033499,-0.016038,-0.99931,0.033499,-0.016038,-0.99931,0.033499,-0.016038],
    "name":"Cone.003Geometry.5",