{
    "name":"Cone.003Geometry",
    "materials":[{
        "blending":"NormalBlending",
        "visible":true,
        "specularCoef":50,
        "transparent":false,
        "depthWrite":true,
        "DbgColor":15658734,
        "wireframe":false,
        "opacity":1,
        "colorSpecular":[0.5,0.5,0.5],
        "colorDiffuse":[1,0.057805,0.08022],
        "DbgIndex":0,
        "DbgName":"Material.001",
        "depthTest":true,
        "colorEmissive":[0,0,0],
        "shading":"phong"
    },{
        "blending":"NormalBlending",
        "visible":true,
        "specularCoef":50,
        "transparent":false,
        "depthWrite":true,
        "DbgColor":15597568,
        "wireframe":false,
        "opacity":1,
        "colorSpecular":[0.5,0.5,0.5],
        "colorDiffuse":[0.471869,0.585156,0.64],
        "DbgIndex":1,
        "DbgName":"Material.004",
        "depthTest":true,
        "colorEmissive":[0,0,0],
        "shading":"phong"
    },{
        "blending":"NormalBlending",
        "visible":true,
        "specularCoef":50,
        "transparent":false,
        "depthWrite":true,
        "DbgColor":60928,
        "wireframe":false,
        "opacity":1,
        "colorSpecular":[1,1,1],
        "colorDiffuse":[0.854993,0.597202,0.417885],
        "DbgIndex":2,
        "DbgName":"Material.003",
        "depthTest":true,
        "colorEmissive":[0,0,0],
        "shading":"phong"
    }],
    "uvs":[],
    "metadata":{
        "version":3,
        "vertices":192,
        "faces":169,
        "type":"Geometry",
        "generator":"io_three",
        "uvs":0,
        "normals":169,
        "materials":3
    },
    "influencesPerVertex":2,
    "normals":[-0.181294,0.014848,-0.983317,-0.180082,0.040968,-0.982798,-0.212123,0.050387,-0.975943,-0.180095,0.041016,-0.982794,-0.180095,0.041016,-0.982794,-0.943162,0.276499,0.184376,0.048108,0.998302,0.032854,0.982473,-0.041363,-0.181759,0.246061,-0.059234,0.967443,0.246061,-0.059235,0.967443,0.246062,-0.059234,0.967443,-0.24854,0.034134,-0.96802,-0.939619,-0.150725,0.307244,-0.922001,-0.151761,0.356206,0.127312,-0.076794,0.988885,-0.938893,-0.154113,0.307781,-0.938888,-0.154139,0.307783,-0.089426,-0.995927,0.011481,0.927559,-0.084751,-0.36394,0.936269,-0.085813,-0.340641,0.93639,-0.081684,-0.341323,0.93639,-0.081689,-0.341323,0.641295,-0.027339,-0.766807,-0.908964,0.112011,0.401545,-0.351912,-0.932486,0.081415,-0.395936,0.069478,-0.915646,-0.09915,0.98807,0.117846,0.158024,-0.039513,0.986644,-0.609085,0.095097,-0.787383,0.13046,0.991275,0.018803,-0.13046,-0.991275,-0.018804,0.13046,0.991275,0.018803,0.395936,-0.069478,0.915646,0.679567,-0.075595,-0.729708,0.679567,-0.075594,-0.729709,0.679567,-0.075593,-0.729708,0.467342,-0.078211,0.88061,0.467342,-0.078211,0.88061,0.914842,-0.113286,-0.387596,0.467342,-0.078211,0.88061,-0.058116,0.026579,-0.997956,-0.058115,0.026579,-0.997956,-0.058115,0.026579,-0.997956,-0.13046,-0.991275,-0.018804,-0.130461,-0.991275,-0.018804,-0.130461,-0.991275,-0.018803,0.679566,-0.075593,-0.729709,0.679566,-0.075595,-0.729709,0.679567,-0.075595,-0.729708,0.721253,-0.112972,0.683397,0.679567,-0.075594,-0.729708,-0.133937,-0.990743,-0.022097,0.133938,0.990743,0.022097,-0.721919,0.107976,-0.683501,-0.134302,-0.990686,-0.022442,-0.721256,0.112972,-0.683394,0.721923,-0.107976,0.683498,0.134302,0.990686,0.022443,-0.992843,-0.012914,0.118725,0.089693,0.575753,0.812689,-0.992843,-0.012914,0.118725,0.992843,0.012914,-0.118725,-0.091837,0.718078,-0.689877,0.061987,-0.90546,0.41988,-0.982888,0.110775,0.147174,-0.086403,0.428378,-0.899459,-0.982888,0.110776,0.147175,0.982888,-0.110776,-0.147175,-0.147275,-0.952476,-0.266646,0.175266,0.808256,0.562143,-0.97667,0.124703,0.174829,-0.126504,-0.991966,0.000857,-0.97667,0.124703,0.174829,0.97667,-0.124703,-0.174829,0.191088,0.133188,0.972495,-0.14879,0.19408,-0.969636,0.24854,-0.034134,0.96802,0.095138,0.995407,0.010673,0.956689,-0.087226,-0.277736,0.246061,-0.059234,0.967442,0.246059,-0.059238,0.967443,0.246061,-0.059234,0.967443,0.24606,-0.059237,0.967443,-0.952888,-0.15061,0.263288,0.24854,-0.034134,0.96802,-0.24854,0.034134,-0.96802,-0.24854,0.034135,-0.96802,-0.24854,0.034134,-0.96802,-0.248541,0.034134,-0.96802,0.181324,-0.014149,0.983322,0.181177,-0.017527,0.983294,0.097738,0.011107,0.99515,0.182238,-0.014684,0.983145,-0.048106,-0.998302,-0.032848,0.982473,-0.041363,-0.181759,0.982472,-0.041363,-0.181763,0.982562,-0.041362,-0.181277,-0.181294,0.014848,-0.983317,-0.943162,0.276499,0.184372,-0.943165,0.276489,0.184373,-0.943163,0.276499,0.184372,-0.180095,0.041016,-0.982794,0.23997,-0.074926,0.967885,0.239746,-0.074903,0.967942,-0.23997,0.074926,-0.967885,-0.239746,0.074903,-0.967942,0.230957,-0.146359,0.961893,0.230728,-0.146336,0.961951,-0.143908,-0.976136,-0.162634,0.952705,-0.093563,-0.289134,0.116146,0.992072,0.048002,0.116247,0.992061,0.047976,-0.758522,-0.63228,0.157687,-0.1384,-0.075854,-0.987467,-0.138622,-0.075822,-0.987439,0.137923,0.07235,0.987797,0.138144,0.072317,0.987768,-0.131507,-0.026377,-0.990964,-0.131734,-0.026343,-0.990935,0.13197,0.985161,-0.109739,0.984001,-0.143235,-0.105956,-0.140991,-0.988986,0.045034,-0.140888,-0.989001,0.045021,-0.599253,0.800056,0.028409,0.155531,0.987247,0.033959,0.155311,0.98728,0.034021,-0.155531,-0.987247,-0.033959,-0.155311,-0.98728,-0.034021,0.155531,0.987247,0.033959,0.155311,0.98728,0.034021,0.261635,-0.074321,0.962301,0.952543,-0.140662,-0.269955,-0.261736,0.074333,-0.962273,-0.261635,0.074319,-0.962301,-0.488475,0.0469,0.871317,-0.363857,-0.859176,-0.359757,-0.402549,-0.300163,-0.864787,-0.301405,0.447037,-0.842207,-0.119673,0.944724,-0.305245,0.036191,0.90136,0.431555,0.074884,0.342348,0.936585,-0.96919,0.124779,0.21237,-0.96919,0.124766,0.212379,-0.969188,0.124787,0.212375,-0.96919,0.124785,0.212365,-0.969191,0.124777,0.212368,-0.96919,0.124782,0.212368,-0.026261,-0.404852,0.914005,-0.207993,-0.902539,0.377043,0.969191,-0.124776,-0.212368,0.969191,-0.124777,-0.212367,0.969191,-0.124777,-0.212368,0.969191,-0.124777,-0.212367,0.969191,-0.124777,-0.212368,0.969191,-0.124777,-0.212368,0.432901,-0.872489,0.226626,0.55528,-0.420827,0.717335,0.619313,0.253718,0.74302,0.58749,0.756005,0.288636,0.478454,0.791803,-0.379645,0.356075,0.34014,-0.870353,0.292042,-0.334404,-0.896039,0.323865,-0.836691,-0.441655,-0.982458,0.086981,0.164957,-0.982458,0.086981,0.164957,-0.982458,0.086981,0.164957,-0.982458,0.086981,0.164957,-0.982458,0.086981,0.164957,-0.982458,0.086981,0.164957],