{
    "geometries":[{
        "materials":[{
            "shading":"phong",
            "depthWrite":true,
            "colorEmissive":[0,0,0],
            "blending":"NormalBlending",
            "DbgName":"Smoke Domain Material.004",
            "colorSpecular":[0.5,0.5,0.5],
            "colorDiffuse":[0.64,0.64,0.64],
            "wireframe":false,
            "opacity":1,
            "depthTest":true,
            "specularCoef":50,
            "transparent":false,
            "DbgIndex":0,
            "DbgColor":15658734,
            "visible":true
        }],
        "data":{
            "uvs":[],
            "skinIndices":[],
            "name":"Cube.005Geometry",
            "metadata":{
                "uvs":0,
                "version":3,
                "normals":6,
                "materials":1,
                "vertices":8,
                "bones":0,
                "faces":6,
                "generator":"io_three"
            },
            "normals":[-1,0,0,0,0,-1,1,0,0,-0,0,1,0,-1,0,0,1,0],
            "vertices":[-1,-1,-1,-1,-1,1,-1,1,-1,-1,1,1,1,-1,-1,1,-1,1,1,1,-1,1,1,1],
            "bones":[],
            "faces":[35,0,1,3,2,0,0,0,0,0,35,2,3,7,6,0,1,1,1,1,35,6,7,5,4,0,2,2,2,2,35,1,0,4,5,0,3,3,3,3,35,4,0,2,6,0,4,4,4,4,35,7,3,1,5,0,5,5,5,5],
            "influencesPerVertex":2,
            "skinWeights":[]
        },
        "type":"Geometry",
        "uuid":"B05C36DC-78F4-4E54-8A07-3E62B79F3BE0"
    },{
        "materials":[],
        "data":{
            "uvs":[],
            "skinIndices":[],
            "name":"ConeGeometry.1",
            "metadata":{
                "uvs":0,
                "version":3,
                "normals":36,
                "materials":0,
                "vertices":33,
                "bones":0,
                "faces":62,
                "generator":"io_three"
            },
            "normals":[0.087754,0.445488,-0.890977,0.259888,0.445488,-0.856737,0.422036,0.445488,-0.789573,0.567965,0.445488,-0.692067,0.692067,0.445488,-0.567965,0.789573,0.445488,-0.422036,0.856737,0.445488,-0.259888,0.890977,0.445488,-0.087754,0.890977,0.445488,0.087753,0.856737,0.445488,0.259888,0.789573,0.445488,0.422035,0.692067,0.445488,0.567965,0.567965,0.445488,0.692067,0.422036,0.445488,0.789573,0.259888,0.445488,0.856737,0.087753,0.445488,0.890977,-0.087754,0.445488,0.890977,-0.259889,0.445488,0.856737,-0.422036,0.445488,0.789573,-0.567965,0.445488,0.692066,-0.692067,0.445488,0.567964,-0.789574,0.445488,0.422035,-0.856737,0.445488,0.259887,-0.890977,0.445488,0.087753,-0.890977,0.445488,-0.087754,-0.856737,0.445488,-0.259889,-0.789573,0.445488,-0.422037,-0.692066,0.445488,-0.567965,-0.567964,0.445488,-0.692067,-0.422035,0.445488,-0.789574,-0.259887,0.445488,-0.856737,-0.087753,0.445488,-0.890977,-0,-1,-0,0,-1,-0,0,-1,-0,0,-1,0],
            "vertices":[0,1,-1,0.19509,0.980785,-1,0.382683,0.92388,-1,0.55557,0.83147,-1,0.707107,0.707107,-1,0.83147,0.55557,-1,0.92388,0.382683,-1,0.980785,0.19509,-1,1,0,-1,0,0,1,0.980785,-0.19509,-1,0.92388,-0.382683,-1,0.83147,-0.55557,-1,0.707107,-0.707107,-1,0.55557,-0.83147,-1,0.382683,-0.92388,-1,0.19509,-0.980785,-1,-0,-1,-1,-0.195091,-0.980785,-1,-0.382684,-0.923879,-1,-0.555571,-0.831469,-1,-0.707107,-0.707106,-1,-0.83147,-0.55557,-1,-0.92388,-0.382683,-1,-0.980785,-0.195089,-1,-1,1e-06,-1,-0.980785,0.195091,-1,-0.923879,0.382684,-1,-0.831469,0.555571,-1,-0.707106,0.707108,-1,-0.555569,0.83147,-1,-0.382682,0.92388,-1,-0.195089,0.980786,-1],
            "bones":[],
            "faces":[34,0,9,1,0,0,0,0,34,1,9,2,0,1,1,1,34,2,9,3,0,2,2,2,34,3,9,4,0,3,3,3,34,4,9,5,0,4,4,4,34,5,9,6,0,5,5,5,34,6,9,7,0,6,6,6,34,7,9,8,0,7,7,7,34,8,9,10,0,8,8,8,34,10,9,11,0,9,9,9,34,11,9,12,0,10,10,10,34,12,9,13,0,11,11,11,34,13,9,14,0,12,12,12,34,14,9,15,0,13,13,13,34,15,9,16,0,14,14,14,34,16,9,17,0,15,15,15,34,17,9,18,0,16,16,16,34,18,9,19,0,17,17,17,34,19,9,20,0,18,18,18,34,20,9,21,0,19,19,19,34,21,9,22,0,20,20,20,34,22,9,23,0,21,21,21,34,23,9,24,0,22,22,22,34,24,9,25,0,23,23,23,34,25,9,26,0,24,24,24,34,26,9,27,0,25,25,25,34,27,9,28,0,26,26,26,34,28,9,29,0,27,27,27,34,29,9,30,0,28,28,28,34,30,9,31,0,29,29,29,34,31,9,32,0,30,30,30,34,32,9,0,0,31,31,31,34,32,0,1,0,32,32,32,34,1,2,3,0,33,33,33,34,3,4,5,0,34,34,34,34,5,6,7,0,33,33,33,34,7,8,10,0,33,33,33,34,10,11,12,0,33,33,33,34,12,13,14,0,33,33,33,34,14,15,16,0,33,33,33,34,16,17,18,0,33,33,33,34,18,19,20,0,33,33,33,34,20,21,22,0,33,33,33,34,22,23,24,0,33,33,33,34,24,25,26,0,35,35,35,34,26,27,28,0,33,33,33,34,28,29,30,0,33,33,33,34,30,31,32,0,34,34,34,34,32,1,3,0,34,34,34,34,3,5,7,0,34,34,34,34,7,10,12,0,33,33,33,34,12,14,16,0,33,33,33,34,16,18,20,0,33,33,33,34,20,22,24,0,33,33,33,34,24,26,28,0,33,33,33,34,28,30,32,0,33,33,33,34,32,3,7,0,34,34,34,34,7,12,16,0,33,33,33,34,16,20,24,0,33,33,33,34,24,28,32,0,33,33,33,34,32,7,16,0,33,33,33,34,16,24,32,0,35,35,35],
            "influencesPerVertex":2,
            "skinWeights":[]
        },
        "type":"Geometry",
        "uuid":"549A6181-5436-440B-BC4C-FB5BB1390C18"
    }],
    "textures":[{
        "wrap":[1000,1000],
        "mapping":300,
        "magFilter":1006,
        "repeat":[1,1],
        "name":"heightmap",
        "anisotropy":1,
        "image":"298A833E-FB02-48A4-BDFC-1B959F58647A",
        "minFilter":1008,
        "uuid":"5FC30B1C-5018-4817-84E3-14763EAC915B"
    }],
    "metadata":{
        "sourceFile":"earthandsmokeandplane.blend",
        "generator":"io_three",
        "version":4.4,
        "type":"Object"
    },
    "materials":[{
        "depthWrite":true,
        "blending":"NormalBlending",
        "name":"heightmap",
        "map":"5FC30B1C-5018-4817-84E3-14763EAC915B",
        "depthTest":true,
        "vertexColors":0,
        "color":10724259,
        "uuid":"96DAE60F-55D9-409B-A870-BEFC543DDEEC",
        "emissive":0,
        "specular":8355711,
        "type":"MeshPhongMaterial",
        "shininess":50
    },{
        "depthWrite":true,
        "vertexColors":0,
        "blending":"NormalBlending",
        "color":8876031,
        "name":"Land",
        "side":2,
        "depthTest":true,
        "type":"MeshBasicMaterial",
        "uuid":"C22DB118-1B14-4949-AE7D-52482B399810"
    },{
        "depthWrite":true,
        "vertexColors":0,
        "blending":"NormalBlending",
        "color":6271651,
        "name":"Material.001",
        "shininess":50,
        "depthTest":true,
        "emissive":0,
        "specular":36,
        "type":"MeshPhongMaterial",
        "uuid":"742CBB01-6E93-440F-BF07-A2AA6A7235A8"
    },{
        "depthWrite":true,
        "vertexColors":0,
        "blending":"NormalBlending",
        "color":14331266,
        "name":"Material.003",
        "shininess":50,
        "depthTest":true,
        "emissive":0,
        "specular":16777215,
        "type":"MeshPhongMaterial",
        "uuid":"85FE8CF1-4BE8-457E-9568-88462C5296FE"
    },{
        "depthWrite":true,
        "vertexColors":0,
        "blending":"NormalBlending",
        "color":6988702,
        "name":"Material.004",
        "shininess":50,
        "depthTest":true,
        "emissive":0,
        "specular":8355711,
        "type":"MeshPhongMaterial",
        "uuid":"2789FB22-0436-43DC-9357-37C35CECB413"
    },{
        "depthWrite":true,
        "vertexColors":0,
        "blending":"NormalBlending",
        "color":10403071,
        "name":"Material.005",
        "depthTest":true,
        "type":"MeshBasicMaterial",
        "uuid":"287798D8-5EB6-438C-8003-6506FD5D7259"
    },{
        "depthWrite":true,
        "vertexColors":0,
        "blending":"NormalBlending",
        "color":10724259,
        "name":"Smoke Domain Material.004",
        "shininess":50,
        "depthTest":true,
        "emissive":0,
        "specular":8355711,
        "type":"MeshPhongMaterial",
        "uuid":"5E69C4A6-0A84-41DE-903D-B3D660862CD5"
    }],
    "images":[{
        "url":"heightmap.png",
        "uuid":"298A833E-FB02-48A4-BDFC-1B959F58647A",
        "name":"heightmap.png"
    }],